{"accuracy":0.8247619047619048,"precision":0.828476413669962,"recall":0.8247619047619048,"f1_score":0.82285926733189,"confusion_matrix":[[67,0,0,2,3,2,0,0,0,5,1],[0,7,1,3,0,0,0,0,0,0,1],[4,3,31,4,0,1,0,0,0,3,0],[1,3,1,40,0,1,0,0,0,3,0],[1,0,3,3,68,0,1,0,0,1,0],[1,1,0,4,1,27,0,1,0,4,4],[0,0,4,1,3,0,6,0,0,0,0],[0,0,0,0,0,0,0,7,1,0,0],[0,0,0,0,0,0,0,1,5,0,1],[2,0,2,0,1,0,1,0,0,110,0],[2,1,0,3,1,0,1,0,0,0,65]],"report_by_label":{"asia":{"precision":0.8589743589743589,"recall":0.8375,"f1-score":0.8481012658227848,"support":80},"baltics":{"precision":0.4666666666666667,"recall":0.5833333333333334,"f1-score":0.5185185185185186,"support":12},"c.w. of ind. states":{"precision":0.7380952380952381,"recall":0.6739130434782609,"f1-score":0.7045454545454546,"support":46},"eastern europe":{"precision":0.6666666666666666,"recall":0.8163265306122449,"f1-score":0.7339449541284403,"support":49},"latin amer. and carib":{"precision":0.8831168831168831,"recall":0.8831168831168831,"f1-score":0.8831168831168831,"support":77},"near east":{"precision":0.8709677419354839,"recall":0.627906976744186,"f1-score":0.7297297297297297,"support":43},"northern africa":{"precision":0.6666666666666666,"recall":0.42857142857142855,"f1-score":0.5217391304347826,"support":14},"northern america":{"precision":0.7777777777777778,"recall":0.875,"f1-score":0.823529411764706,"support":8},"oceania":{"precision":0.8333333333333334,"recall":0.7142857142857143,"f1-score":0.7692307692307692,"support":7},"sub-saharan africa":{"precision":0.873015873015873,"recall":0.9482758620689655,"f1-score":0.9090909090909091,"support":116},"western europe":{"precision":0.9027777777777778,"recall":0.8904109589041096,"f1-score":0.896551724137931,"support":73},"accuracy":0.8247619047619048,"macro avg":{"precision":0.776187180366066,"recall":0.7526037028286479,"f1-score":0.7580089773200828,"support":525},"weighted avg":{"precision":0.828476413669962,"recall":0.8247619047619048,"f1-score":0.82285926733189,"support":525}},"feature_importances":[["score",0.41],["gdp",0.49],["social_support",0.03],["freedom",0.05],["generosity",0.11],["corruption",0.12],["positive_affect",0.07],["negative_affect",0.05],["scaled_hle",0.05]]}