{
    "test_data_evaluation": {
        "accuracy": 0.9387283236994219,
        "precision": 0.9399329260629011,
        "recall": 0.9387283236994219,
        "f1_score": 0.938362126763445,
        "confusion_matrix": [
            [
                72,
                1,
                1,
                0,
                1,
                1,
                0,
                0,
                0,
                2,
                0
            ],
            [
                0,
                79,
                0,
                0,
                0,
                0,
                0,
                0,
                0,
                0,
                0
            ],
            [
                1,
                0,
                77,
                0,
                0,
                1,
                0,
                0,
                0,
                0,
                0
            ],
            [
                0,
                1,
                4,
                71,
                0,
                0,
                3,
                0,
                0,
                0,
                0
            ],
            [
                2,
                0,
                2,
                1,
                71,
                0,
                2,
                0,
                0,
                1,
                0
            ],
            [
                0,
                0,
                0,
                3,
                1,
                69,
                1,
                1,
                0,
                3,
                0
            ],
            [
                0,
                0,
                0,
                0,
                0,
                1,
                78,
                0,
                0,
                0,
                0
            ],
            [
                0,
                0,
                0,
                0,
                0,
                0,
                0,
                79,
                0,
                0,
                0
            ],
            [
                0,
                0,
                0,
                0,
                0,
                0,
                0,
                0,
                79,
                0,
                0
            ],
            [
                5,
                0,
                3,
                0,
                2,
                1,
                1,
                0,
                0,
                66,
                0
            ],
            [
                1,
                3,
                0,
                1,
                0,
                0,
                1,
                0,
                1,
                0,
                71
            ]
        ],
        "report_by_label": {
            "asia": {
                "precision": 0.8888888888888888,
                "recall": 0.9230769230769231,
                "f1-score": 0.9056603773584906,
                "support": 78
            },
            "baltics": {
                "precision": 0.9404761904761905,
                "recall": 1.0,
                "f1-score": 0.9693251533742331,
                "support": 79
            },
            "c.w. of ind. states": {
                "precision": 0.8850574712643678,
                "recall": 0.9746835443037974,
                "f1-score": 0.927710843373494,
                "support": 79
            },
            "eastern europe": {
                "precision": 0.9342105263157895,
                "recall": 0.8987341772151899,
                "f1-score": 0.9161290322580645,
                "support": 79
            },
            "latin amer. and carib": {
                "precision": 0.9466666666666667,
                "recall": 0.8987341772151899,
                "f1-score": 0.9220779220779222,
                "support": 79
            },
            "near east": {
                "precision": 0.9452054794520548,
                "recall": 0.8846153846153846,
                "f1-score": 0.9139072847682119,
                "support": 78
            },
            "northern africa": {
                "precision": 0.9069767441860465,
                "recall": 0.9873417721518988,
                "f1-score": 0.9454545454545454,
                "support": 79
            },
            "northern america": {
                "precision": 0.9875,
                "recall": 1.0,
                "f1-score": 0.9937106918238994,
                "support": 79
            },
            "oceania": {
                "precision": 0.9875,
                "recall": 1.0,
                "f1-score": 0.9937106918238994,
                "support": 79
            },
            "sub-saharan africa": {
                "precision": 0.9166666666666666,
                "recall": 0.8461538461538461,
                "f1-score": 0.8799999999999999,
                "support": 78
            },
            "western europe": {
                "precision": 1.0,
                "recall": 0.9102564102564102,
                "f1-score": 0.953020134228188,
                "support": 78
            },
            "accuracy": 0.9387283236994219,
            "macro avg": {
                "precision": 0.9399226030833338,
                "recall": 0.938508748635331,
                "f1-score": 0.9382460615037226,
                "support": 865
            },
            "weighted avg": {
                "precision": 0.9399329260629011,
                "recall": 0.9387283236994219,
                "f1-score": 0.938362126763445,
                "support": 865
            }
        },
        "feature_importances": [
            [
                "score",
                0.57
            ],
            [
                "gdp",
                0.64
            ],
            [
                "social_support",
                0.04
            ],
            [
                "freedom",
                0.12
            ],
            [
                "generosity",
                0.21
            ],
            [
                "corruption",
                0.22
            ],
            [
                "positive_affect",
                0.07
            ],
            [
                "negative_affect",
                0.06
            ],
            [
                "scaled_hle",
                0.03
            ]
        ]
    },
    "validation_data_evaluation": {
        "accuracy": 0.834920634920635,
        "precision": 0.8514146805007019,
        "recall": 0.834920634920635,
        "f1_score": 0.8395372141086426,