{
    "accuracy": 0.9257142857142857,
    "precision": 0.9279840173276639,
    "recall": 0.9257142857142857,
    "f1_score": 0.9244598347340469,
    "confusion_matrix": [
      [
        71,
        0,
        1,
        2,
        1,
        0,
        0,
        0,
        0,
        3,
        2
      ],
      [
        0,
        10,
        0,
        2,
        0,
        0,
        0,
        0,
        0,
        0,
        0
      ],
      [
        1,
        0,
        44,
        1,
        0,
        0,
        0,
        0,
        0,
        0,
        0
      ],
      [
        1,
        1,
        0,
        46,
        1,
        0,
        0,
        0,
        0,
        0,
        0
      ],
      [
        0,
        0,
        0,
        3,
        73,
        0,
        0,
        0,
        0,
        1,
        0
      ],
      [
        2,
        0,
        0,
        2,
        0,
        37,
        0,
        0,
        0,
        1,
        1
      ],
      [
        0,
        0,
        3,
        0,
        1,
        1,
        9,
        0,
        0,
        0,
        0
      ],
      [
        0,
        0,
        0,
        0,
        0,
        0,
        0,
        7,
        0,
        0,
        1
      ],
      [
        0,
        0,
        0,
        0,
        0,
        0,
        0,
        0,
        4,
        0,
        3
      ],
      [
        3,
        0,
        0,
        0,
        0,
        0,
        0,
        0,
        0,
        113,
        0
      ],
      [
        0,
        0,
        0,
        0,
        0,
        0,
        1,
        0,
        0,
        0,
        72
      ]
    ],
    "report_by_label": {
      "asia": {
        "precision": 0.9102564102564102,
        "recall": 0.8875,
        "f1-score": 0.8987341772151898,
        "support": 80
      },
      "baltics": {
        "precision": 0.9090909090909091,
        "recall": 0.8333333333333334,
        "f1-score": 0.8695652173913043,
        "support": 12
      },
      "c.w. of ind. states": {
        "precision": 0.9166666666666666,
        "recall": 0.9565217391304348,
        "f1-score": 0.9361702127659574,
        "support": 46
      },
      "eastern europe": {
        "precision": 0.8214285714285714,
        "recall": 0.9387755102040817,
        "f1-score": 0.8761904761904763,
        "support": 49
      },
      "latin amer. and carib": {
        "precision": 0.9605263157894737,
        "recall": 0.948051948051948,
        "f1-score": 0.9542483660130718,
        "support": 77
      },
      "near east": {
        "precision": 0.9736842105263158,
        "recall": 0.8604651162790697,
        "f1-score": 0.9135802469135803,
        "support": 43
      },
      "northern africa": {
        "precision": 0.9,
        "recall": 0.6428571428571429,
        "f1-score": 0.75,
        "support": 14
      },
      "northern america": {
        "precision": 1,
        "recall": 0.875,
        "f1-score": 0.9333333333333333,
        "support": 8
      },
      "oceania": {
        "precision": 1,
        "recall": 0.5714285714285714,
        "f1-score": 0.7272727272727273,
        "support": 7
      },
      "sub-saharan africa": {
        "precision": 0.9576271186440678,
        "recall": 0.9741379310344828,
        "f1-score": 0.9658119658119658,
        "support": 116
      },
      "western europe": {
        "precision": 0.9113924050632911,
        "recall": 0.9863013698630136,
        "f1-score": 0.9473684210526315,
        "support": 73
      },
      "accuracy": 0.9257142857142857,
      "macro avg": {
        "precision": 0.9327884188605186,
        "recall": 0.8613066056529161,
        "f1-score": 0.8883886494509308,
        "support": 525
      },
      "weighted avg": {
        "precision": 0.9279840173276639,
        "recall": 0.9257142857142857,
        "f1-score": 0.9244598347340469,
        "support": 525
      }
    },
    "feature_importances": [
      [
        "score",
        0.08
      ],
      [
        "gdp",
        0.27
      ],
      [
        "social_support",
        0.05
      ],
      [
        "freedom",
        0.04
      ],
      [
        "generosity",
        0.09
      ],
      [
        "corruption",
        0.05
      ],
      [
        "positive_affect",
        0.18
      ],
      [
        "negative_affect",
        0.1
      ],
      [
        "scaled_hle",
        0.43
      ]
    ]
  }